,Nombre,Precio,Cantidad,Unidades
0,LONCHERA RAMO 186 G 7 UND,5650,186,g
1,SALSA MAÍZ DULCE ZEV 200GR,2390,200,g
2,VASO DESECHABLE TIDY HOUSE 7 OZ,1450,25,Und
3,SALSA CREMA AHUMADA ZEV 200GR,2490,200,g
4,BOMBON CHOCOAVELLANA NAVIDAD 140 GR,5490,140,g
5,GALLETA OREO 6 PQ 216 G,4490,216,g
6,CEREZAS MARRASCHINO AINOA 125 G,4390,75,g
7,ACEITE DE AGUACATE NATRI 230 ML,14990,230,mL
8,FRAGANCIA FEMENINA 50 ML V&R SURTIDA,19990,50,mL
9,GEL HIDRATANTE AQUA GEL DELIA 50 ML,14990,50,mL
10,QUESO BRIE CREAMY 125 GR,10990,125,g
11,QUESO FONDUE SUIZO 110GR,5990,110,g
12,TEQUILA REPOSADO JARANA 100% AGAVE,51990,700,mL
13,RELOJ INTELIGENTE RED FLAG X 1 UD,99990,1,Und
14,BARQUILLO RELLENO NIRVANA,1390,25,g
15,PAPEL HIGIÉNICO 3 H 12 UN RENDY 33 MTS,13750,396,m
16,LECHE POLVO RODEO 187 GR,6490,187,g
17,PAPEL HIGIÉNICO 3 H 2 UN RENDY 33 MTS,2650,66,m
18,PAPEL HIGIÉNICO PREMIUM 3H 12U RENDY 32 MTS,17690,384,m
19,MORRAL ALETRÍA 1 UD,24990,1,Und
20,CARTUCHERA 2 BOLSILLOS ALETRÍA 1 UD,8990,1,Und
21,CARTUCHERA CON LICENCIA ALETRÍA 1 UD,6890,1,Und
22,CUADERNO COSIDO CUADRICULADO X 1 UD,2890,1,Und
23,ALMENDRAS CON CHOCOLATE CHALET 100G,5490,100,g
24,EMULSIÓN DE SCOTT TRADICIONAL 180 ML,9490,180,mL
25,LONCHERA SURTIDA NATRI 5UN 225G,7990,225,g
26,PALMITOS DE MAR/CANGREJO 454 G,8290,454,g
27,JUGO DEL VALLE FRUTAS CITRICAS 1500ML,2790,1500,mL
28,GASEOSA COCA COLA PET 250ML,1490,250,mL
29,GASEOSA COCA COLA SIN AZUCAR PET 250ML,1190,250,mL
30,GASEOSA KOLA ROMAN PET 250ML,1190,250,mL
31,GASEOSA SCHWEPPES GINGER ALE PET 1750ML,3190,1750,mL
32,GASEOSA SCHWEPPES SODA PET 400ML,1650,400,mL
33,LOMITOS DE TILAPIA 454 G,6990,454,g
34,SET SALERO Y PIMENTERO COCUK X 2 UDS,35990,2,Und
35,ABANICO DE MANO RED FLAG X 1 UD,2990,1,Und
36,GINEBRA DAFNE 700 ML,44990,700,mL
37,HAMBURGUESA RANCHERA 400 G,14890,400,g
38,SALSA PARA HELADO KULFI 200G,2390,200,g
39,ATÚN EN ACEITE CARLO FORTE 170 G NETO,4990,110,g
40,ATÚN A.OLIVA CARLO FORTE 160 G NETO,6890,104,g
41,ATÚN EN AGUA CARLO FORTE 170 G NETO,4990,110,g
42,SLEEPING BOLSA DE DORMIR 20.09 X 1 UD,79990,1,Und
43,LINTERNA FRONTAL LED 20.09 X 1 UD,8990,1,Und
44,MORRAL TÉRMICO ARCTIC ZONE X 1 UD,89990,1,Und
45,BARQUILLOS SURTIDOS NUZART 145 GR,3990,145,g
46,RAMEN NISSIN SABOR CARNE 85 G,2150,85,g
47,RAMEN NISSIN SABOR POLLO 85 G,2150,85,g
48,LONCHERA SUBMARINOS SURTIDOS 206 G,4590,206,g
49,PAN VITAL FRUTICEREAL 500 G,8690,500,g
50,DETERGENTE MULTIUSOS BONAROPA 900 GR,3990,900,g
51,LOMITOS DE SALMON 454 G,9450,454,g
52,PALETA DE CREMA KÜLFI SURTIDA 4 UND 45 G,5490,4,Und
53,CHICHARRÓN DE CERDO DON CHICHARRÓN 35G,3790,35,g
54,BASE PARA UÑAS Y BRILLO USHIKO 11 ML,4990,11,mL
55,ESMALTE SURTIDO USHIKO 11 ML,4990,11,mL
56,SALSAS MEXICANAS SURTIDAS 210G,3690,210,g
57,SNACK DENTASTIX PARA PERRO X 1 BARRA,2990,1,Und
58,QUESO BLOQUE VITA LATTI 230 GR,9190,230,g
59,TAPABOCAS DESECHABLE PACKX15,4990,15,Und
60,SARTÉN CON TAPA 20 CM COCUK X 1UD,29990,1,Und
61,SALSA MAYONESA CON CHIPOTLE 350G,3990,350,g
62,MULTIVITAMINICO CON MINERALES X 10 UND,6490,10,Und
63,BARRA CHOCOLATE MANI KICK 52G,1950,52,g
64,TRIDENT YERBABUENA 12S,3150,30,g
65,"TRIDENT MORAZUL 5S 8,5G",1150,8,g
66,TABLETA CHOCOLATE MORA MONTBLANC 60G,3490,60,g
67,SUERO VITAMINA C DELIA 30 ML,19990,30,mL
68,LABIAL LIQUIDO SURTIDO ROJOS USHIKO,12990,3,g
69,LABIAL LIQUIDO SURTIDO ROSA USHIKO,12990,3,g
70,SOMBRAS SURTIDAS PARA OJOS USK 9G,13990,9,g
71,CUARTETO RUBOR ILUMINADOR USHIKO,21990,14,g
72,VITAMINA E 400 UI CÁPSULAS X 10 UND,3790,10,Und
73,VASOS CORTOS DE PLASTICO 400 ML X 4 UND,24990,4,Und
74,BOLA DE BURBUJA INFLABLE,20990,1,Und
75,SOFÁ INFLABLE,35990,1,Und
76,TAPETE  ROMPECABEZAS 9 PIEZAS,29990,1,Und
77,KIT DE JUGUETES NIÑOS (COCINA Y DOCTOR),23990,1,Und
78,SET CORDONES FIGURAS / LACING QUBES SET,19990,1,Und
79,ACEITE VEGETAL GOTA DE ORO 900 ML,9390,900,mL
80,VICK VAPORUB LATA 12 G,3990,12,g
81,CHIPS DE VEGETALES NATRI 50 GR,2850,50,g
82,MINICHOCOTAJADA CASA 12 UND 240 G,4350,240,g
83,TAJADA SURTIDA CASA 5 UND 300 G,3990,300,g
84,GASEOSA SCHWEPPES GINGER ALE PET 1500ML,3390,1500,mL
85,FILETES DE MERLUZA RIVERPEZ 400 G,10990,400,g
86,CEPILLO GIRATORIO DE DUCHA MANGO LARGO,69990,1,Und
87,VITAMINA D3 2000 UI CÁPSULAS X 10 UND,5090,10,Und
88,ESTUCHE ORGANIZADOR USHIKO X 1 UD,11990,1,Und
89,PLANTA ARTIFICIAL RED FLAG X 1UD,12990,1,Und
90,KIT LIBRETA PLUMÓN POST IT ALETRÍA X 3UD,9990,1,Und
91,SET X 4 INDIVIDUALES RED FLAG,15990,1,Und
92,ACEITE DE OLIVA AROMATIZADO OLI-OLÉ 125,7890,125,mL
93,PAN TAJADO INTEGRAL HORNEADITOS 450 G,3290,450,g
94,CREMA WHISKY PINAR DEL RIO 750 ML,27990,750,mL
95,HELADO DE RON CON PASAS KÜLFI 1 L,12590,650,g
96,PIZZA PEPPERONI/HAWAIANA CLUB 500 G,9990,500,g
97,CREMA CORPORAL BOTANICALS NF 500 ML,7990,500,mL
98,PAN TAJADO BRIOCHE HORNEADITOS 380 G,6390,380,g
99,MINI WAFER BRIDGE 17.2 G,690,17,g
100,MULTIVITAMÍNICO NUTREPRO VAINILLA 200 G,13990,200,g
101,CREMA EXTRA HUMECTANTE NF 300 GR,8990,300,g
102,BEBIDA JUGO FRUTA DEL VALLE 6U 188ML,4990,188,mL
103,COMPOTA DE FRUTA BIPACK X 2 UNIDADES,3350,113,g
104,LAMPARA LINTERNA RECARGABLE,24990,1,Und
105,BRAZALETE USB 16 GB,18990,1,Und
106,LUZ LED PARA ZAPATOS,13990,2,Und
107,SET X 2 VASO CERVECERO,12990,2,Und
108,BOTELLA EN VIDRIO CON FUNDA EN SILICONA,21990,1,Und
109,DESTORNILLADORES DE PRECISIÓN - 7 PIEZAS,15990,1,Und
110,SET TARJETERO LLAVERO CUERO,34990,2,Und
111,TAPÓN BOTELLA VINO DECORATIVO,5990,1,Und
112,TV LED SMART 32,749990,1,Und
113,TV LED SMART 43,1199990,1,Und
114,SET BOWL EN VIDRIO CON TAPA SILICONA X 3 UNIDADES,34990,3,Und
115,ENERGIZANTE VIVE100 240ML,1690,240,mL
116,PAN DE YUCA BACKEREI 8 UNDS 160 G,4390,160,g
117,AVENA ALPINA VASO 250 ML,2990,250,mL
118,GEL CONTROL GRASA DELIA 200 ML,12990,200,mL
119,CERVEZA CLUB COLOMBIA 269 ML,1990,269,mL
120,CORREA RETRÁCTIL 3MT MAGIC FRIENDS 1 UD,14990,1,Und
121,JUGUETE SAPO MASCOTAS MAGIC FRIENDS 1UD,14990,1,Und
122,SET GUSANOS WIGGLY MAGIC FRIENDS 3UD,9990,3,Und
123,BOWL COMIDA MASCOTA MAGIC FRIENDS X 1UD,14990,1,Und
124,SET RACK PARA ESPECIAS COCUK X 4 UD,24990,4,Und
125,SET RACK VINAGRE Y ACEITE COCUK 2UD,19990,2,Und
126,SET TABLAS PICAR FLEXIBLES RED FLAG 2UD,10990,2,Und
127,COMBO ARNÉS TRAÍLLA MAGIC FRIENDS X 1 UD,19990,1,Und
128,TOALLA DESMAQUILLANTE ROSA MICELAR 30U,4790,30,Und
129,DESMAQUILLANTE BIFASICO DELIA 150 ML,7990,150,mL
130,FRÍJO RADICAL 500 G,4290,500,g
131,OMEGA 3 CAPSULAS X 10 UND,5990,10,Und
132,SUERO COSTEÑO LATTI 200GR,2990,200,g
133,ACEITE DE CANOLA DON OLIO 900 ML,13890,900,mL
134,GASEOSA COCA COLA LATA LIGHT 235ML X 4UND,6990,235,mL
135,GASEOSA COCA COLA LATA 235ML X 4UND,6990,235,mL
136,DESODORANTE CLINICAL BARRA HOMBRE 47 GR,8990,47,g
137,DESODORANTE CLINICAL BARRA MUJER 47 GR,8990,47,g
138,DESODORANTE CLINICAL TUBO HOMBRE 70 GR,5990,70,g
139,DESODORANTE CLINICAL TUBO MUJER 70 GR,5990,70,g
140,NEVERA TERMICA PORTA COMIDA,29990,1,Und
141,ACEITE VEGETAL CON GIRASOL 900 ML,12490,900,mL
142,ANIMAL COLECCIÓN BAMBU LITTLE ROOM 1 UD,9990,1,Und
143,FRISBEE DE TELA 30 CM 20.09 X 1 UD,9990,1,Und
144,TERMO ACERO INOXIDABLE RED FLAG X 1 UD,24990,1,Und
145,BICICLETA DE MONTAÑA 26 20.09 X 1 UD,749990,1,Und
146,FORRO SILLÍN BICICLETA 20.09 X 1 UD,21990,1,Und
147,TAPETE DE YOGA DOBLE CARA 20.09 X 1 UD,39990,1,Und
148,LAZO PARA SALTAR 290 CM 20.09 X 1 UD,9990,1,Und
149,TOALLA YOGA ANTIDESLIZANTE  20.09 X 1 UD,29990,1,Und
150,SET BANDA Y MUÑEQUERA 20.09 X 2 UD,7990,3,Und
151,BALÓN PILATES + BOMBA AIRE 65 CM 20.09,34990,1,Und
152,COMETA PULPO COLA LARGA SPACE DOT X 1 UD,21990,1,Und
153,GUANTES DEPORTIVOS 20.09 X 2 UDS,9990,2,Und
154,PARLANTE RECARGABLE BICICLETA VTA 1 UD,99990,1,Und
155,GEL BAÑO BOTANICALS NAT FEELING 750 ML,7490,750,mL
156,ESPARCIBLE RAMA MULTIUSOS 220 G,4690,220,g
157,ACEITE VEGETAL CON GIRASOL 2000 ML,26990,2000,mL
158,SHAMPOO BOTANICALS NAT FEELING 600 ML							,8990,600,mL
159,BANANO GAJO X 900G,2390,900,g
160,GOLDEN MIX BEBIDA CON CURCUMA NATRI 150G,12990,150,g
161,MUG PORCELANA 470 ML RED FLAG X 1 UD,14990,1,Und
162,PLATO MEDIANO MELAMINA RED FLAG X 1 UD,4990,1,Und
163,PLATO HONDO MELAMINA RED FLAG X 1 UD,4990,1,Und
164,PLATO GRANDE MELAMINA RED FLAG X 1 UD,5990,1,Und
165,BANDEJA OVALADA MELAMINA RED FLAG X 1 UD,8490,1,Und
166,TABLAS PICAR ANTIDESLIZANTE RED FLAG 4UD,7990,4,Und
167,SOBRE DE LÁMINAS PANINI QATAR X 5 UDS,3500,5,Und
168,JOYERO EN MADERA RED FLAG X 1 UD,79990,1,Und
169,ALMOHADA GEL VISCOELÁSTICA RED FLAG 1UD,99990,1,Und
170,TOALLA SECADO RÁPIDO RED FLAG X 1UD,21990,1,Und
171,SET DE POKER RED FLAG X 1 UD,14990,1,Und
172,RELOJ DE PARED RED FLAG X 1 UD,29990,1,Und
173,SET BLOG NOTAS Y ACCESORIOS RED FLAG,25990,1,Und
174,ORQUÍDEA ARTIFICIAL 26 CM,24990,1,Und
175,CHISPAS LED DECORATIVAS RED FLAG X 1 UD,13990,1,Und
176,GALLETA CUBIERTA CHOCOLATE OSCURO OREO							,6490,131,g
177,HARINA DE MAÍZ AMARILLA AREPASAN 1000 G,3950,1000,g
178,HARINA DE MAÍZ BLANCA AREPASAN 1000 G,3950,1000,g
179,JABÓN TOCADOR ANTIBACTERIAL NF 115g 3U							,5290,345,g
180,CIRUELA CHILENA 500 G,9990,500,g
181,DOLEX GRIPA X 8 TABLETAS,5990,1,Und
182,TABLA PICAR FRUTA/VERDU RED FLAG 1UD,14990,1,Und
183,SET INDIVIDUALES X 4 UDS,14990,4,Und
184,JARRA CON MEZCLADOR RED FLAG X 1 UD,34990,1,Und
185,DISPENSADOR ACEITE CON BROCHA COCUK 1UD,10990,1,Und
186,SET CUCHILLOS COCUK X 3 UDS,15990,3,Und
187,SET COLADOR COLAPSIBLE + ASA REDFLAG X 2,14990,2,Und
188,CONTENEDOR MERMELADA/MIEL RED FLAG 1UD,5490,1,Und
189,CORTADOR VERDURAS MULTI COCUK X 1 UD,29990,1,Und
190,SET TAZA PORCELANA CUCHARA REDFLAG 2UDS,24990,1,Und
191,TERMO TERMICO ACERO INOX REDFLAG X 1 UD,39990,1,Und
192,SET BOTELLAS MINI SALSAS RED FLAG X 3UDS,14990,3,Und
193,ESPONJA EN SILICONA RED FLAG X  1UD,7990,1,Und
194,PLANTA SUCULENTA 12 CM  RED FLAG X 1,11990,1,Und
195,VARA DE BURBUJAS DULCE O TRUCO X 1 UD,4490,1,Und
196,BALDE DE DULCES DULCE O TRUCO X 1 UD,5990,1,Und
197,CESTA PLÁSTICA TELARAÑA DULCEOTRUCO 1UD,2990,1,Und
198,SET PLATOS PAPEL DULCEOTRUCO 12 UD,3990,12,Und
199,ANTIFAZ DULCE O TRUCO 1UD,10990,1,Und
200,DIADEMA FLORES CATRINA DULCE O TRUCO 1UD,5990,1,Und
201,SET GUANTES CATRINA DULCE O TRUCO 2UDS,10990,2,Und
202,MÁSCARA LUMINOSA DULCE O TRUCO X 1 UD,2990,1,Und
203,PELUCHE 14 CM SPACE DOT X 1UD,17990,1,Und
204,CREMA DE WHISKY GAELIK 750 ML,27990,750,mL
205,Cojín y Manta 2 en 1,49990,1,Und
206,SET INDIVIDUAL REDONDO PVC RED FLAG X 2,7990,2,Und
207,PICK NAVIDAD  20 CM  1 UD,4990,1,Und
208,SET ADORNOS NAVIDAD  X 50 UDS,37990,50,Und
209,BANDEJA RECTANGULAR 3 DIVISIONES,6990,1,Und
210,CINTA DECORATIVA 8.2 M,6990,1,Und
211,PEGATINA DECORATIVA X 1UD,4990,1,Und
212,MANTEL EN PEVA DECORADO RECTANGULAR 1UD,5990,1,Und
213,SERVILLETAS DECORADAS NAVIDAD X 20 UDS,3490,1,Und
214,LIMPIÓN NAVIDEÑO ALGODÓN X 1UD,5990,1,Und
215,CUCHILLO PARA UNTAR RED FLAG X 1 UD,3990,1,Und
216,PORTA CALIENTES X 1 UD,5990,1,Und
217,LUCES LED 100 BOMBILLOS RED FLAG X 1UD,28990,1,Und
218,SET SOBRE PARA REGALO  X4UD,3990,4,Und
219,SET TARJETA REGALO 2D,3590,18,Und
220,ESTUCHE METÁLICO REGALO  X 1UD,3990,1,Und
221,GAFAS NAVIDEÑAS  X 1 UD,4490,1,Und
222,SET BOLSAS DE REGALO X 2 UDS,4990,2,Und
223,Papel regalo 5 mt,5990,1,Und
224,REFRACTARIA VIDRIO RED FLAG X 1 UD,19990,1,Und
225,TAPETE ANTIFATIGA RED FLAG X 1 UD,65990,1,Und
226,SET 7 EN 1 DEPORTES 20.09 X 1UD,119990,1,Und
227,PROCESADOR DE ALIMENTOS 3T COCUK X 1 UD,99990,1,Und
228,DESTORNILLADOR INALÁMBRICO,49990,1,Und
229,KIT RECARGABLE DEPILACIÓN,29990,1,Und
230,SET PLANCHA Y RIZADOR RED FLAG X 1UD,75990,1,Und
231,BARRA DE SONIDO RECARGABLE VTA X 1UD,79990,1,Und
232,AREPA DE YUCA MASMAÍ 4 UND - 240 G,3690,240,g
233,AREPA EXTRAQUESO MASMAÍ 4 UND - 720 G,4850,720,g
234,AREPA DE CHÓCOLO 5 UND MASMAÍ 400 GRS,2550,400,g
235,AREPA DE QUESO 5 UND MASMAÍ 400 GRS,2450,400,g
236,AREPA CON QUESO MOZZARELLA MASMAI 400 GRS,3990,400,g
237,AREPA DE MAÍZ BLANCO CON AVENA Y CHÍA MASMAÍ 5 UND - 400 G,3990,5,Und
238,AREPA BLANCA MASMAÍ 5 UND - 400 G,1190,400,g
239,AREPA AMARILLA MASMAÍ 5 UND - 400 G,1190,400,g
240,AREPA MINITELA BLANCA MASMAI 10 UND - 500 G,1290,500,g
241,SALCHICHA RANCHERA X 131 G X 4 UD,4800,131,g
242,JAMON PIETRAN ESTANDAR 167 GRS,5990,167,g
243,COMBO TRADICIONAL VIANDE 900 GR,10690,900,g
244,MORCILLA VIANDÉ 500 GRS,5990,500,g
245,JAMÓN DE POLLO PREMIUM BRAKEL 250 G,5690,250,g
246,COSTILLA DE CERDO AHUMADA BIG BOB 450 G,13990,450,g
247,JAMON PERNIL CERDO PREMIUM VIANDÉ 250 G,8190,250,g
248,SALCHICHÓN DE POLLO BRAKEL 500 G,5190,500,g
249,SALCHICHÓN CERVECERO VIANDÉ 500 G,7990,500,g
250,SALCHICHA TIPO PARRILLA BIG BOB 280 G,6990,280,g
251,SALCHICHA PERRO AMERICANA BIG BOB 430 G,7590,430,g
252,SALCHICHÓN TRADICIONAL VIANDÉ 500 G,4990,500,g
253,CHORIZO VELA + SALAMI LOURISIERRA 80 G,6490,80,g
254,CHORIZO CAMPESINO AHUMADO VIANDÉ 225 GRS,3650,225,g
255,CHORIZO TIPO TERNERA VIANDÉ 500 G,9590,500,g
256,CHORIZO SANTARROSANO VIANDÉ 225 G,4990,225,g
257,MORTADELA POLLO PREMIUM BRAKEL 250 G,3950,250,g
258,JAMÓN DE CERDO PREMIUM VIANDÉ 300 G,6990,300,g
259,LONGANIZA DE CERDO VIANDÉ 320 G,5690,320,g
260,HAMBURGUESA DE RES VIANDÉ 450 G,8250,450,g
261,TOCINETA TIPO SANDWICH VIANDÉ 200 G,5750,200,g
262,SALCHICHA MINIMANGUERA VIANDÉ 480 G,4190,480,g
263,JAMON DE PAVO WHITE HOLLAND 250 G,8790,250,g
264,JAMÓN DE CERDO VIANDÉ 400 GRS,6790,400,g
265,MORTADELA FINA VIANDÉ 225 GRS,2290,225,g
266,SALCHICHA PARRILLA VIANDÉ 500 GRS,8790,500,g
267,HAMBURGUESA DE POLLO BRAKEL 450 G,8250,450,g
268,TOCINETA AHUMADA VIANDÉ 150 GRS,4990,150,g
269,SALCHICHA TRADICIONAL VIANDÉ 450 GRS,5590,450,g
270,BUTIFARRA VIANDE 500 G,6390,500,g
271,JAMÓN PECHUGA PAVO DELISHAVED BAR-S 227 G,13650,227,g
272,PERA VERDE IMPORTADA 1000 G,10690,1000,g
273,MANZANA ROYAL GALA 1000 GRS,10990,1000,g
274,CEBOLLA LARGA 500 GR,2690,500,g
275,PIMENTÓN X 500 G,2090,500,g
276,AGUACATE HASS 500 G,2550,500,g
277,PLÁTANO HARTÓN 1000 G,4090,1000,g
278,AJO MALLA 3 UNIDADES - 100 G,1490,100,g
279,NARANJA MALLA 1500 G,3190,1500,g
280,PAPA CAPIRA 2000 GRS,6790,2000,g
281,TOMATE CHONTO 500 G,1590,500,g
282,CEBOLLA CABEZONA 500 G,2450,500,g
283,LIMÓN TAHITÍ 500 G,2490,500,g
284,TOMATES ENTEROS PELADOS DELIZIARE 400 G,4490,240,g
285,CHILE CON CARNE CRACHOS 300 G,4450,300,g
286,FRÍJOLES CON TOCINO COOLTIVO 320 G,3790,320,g
287,ATÚN RALLADO EL NAVÍO 170 G,3190,111,g
288,ENSALADA CAMPESINA COOLTIVO 300 G,2990,190,g
289,ATÚN ACEITE DE OLIVA CARLO FORTE 160 G,6890,104,g
290,ENSALADA ATÚN CON VEGETALES Y MAÍZ CARLO FORTE 160 G,5490,120,g
291,TOMATES SECOS AINOA 180 G,8690,100,g
292,FRIJOL REFRITO CRACHOS 300 G,4690,300,g
293,MAÍZ TIERNO COOLTIVO 340 G,4690,285,g
294,CONSERVA DE PESCADO CARLO FORTE 400 GRS,5990,400,g
295,SALCHICHA VIENA VIANDÉ 150 G,2890,95,g
296,ALCAPARRAS EN VINAGRE AINOA 125 GR,3350,65,g
297,CHAMPIÑONES TAJADOS COOLTIVO 280 G,4750,170,g
298,ACEITUNA DES/PIMIEN BOLSA AINOA 180 GR,2990,180,g
299,ACEITUNA EN LATA AINOA 200 GR,3790,85,g
300,CONCHAS DORIA 250 G,1950,250,g
301,CABELLO DE ÁNGEL DORIA 250 G,1950,250,g
302,SPAGUETTI CAPRÍSSIMA 250 GRS,1350,250,g
303,CONCHA CAPRÍSSIMA 250 GRS,1350,250,g
304,CABELLO DE ÁNGEL CAPRÍSSIMA 250 GRS,1350,250,g
305,SPAGHETTI DELIZIARE 500 G,3990,500,g
306,PENNE DELIZIARE 500 G,3990,500,g
307,FUSILLI MIXTO DELIZIARE 500 G,5190,500,g
308,PASTA PARA LASAGNA DELIZIARE X 450 GR,6990,450,g
309,SPAGHETTI DORIA 250 G,1950,250,g
310,ACEITE DE CANOLA CANOLI VITALE 2000 ML.,28990,2000,mL
311,ACEITE GOTA DE ORO 3000 ML,29990,3000,mL
312,ESPARCIBLE DON OLIO LIGHT 250 G,4290,250,g
313,ACEITE SPRAY CANOLA DON OLIO 180 ML,10490,180,mL
314,MANTEQUILLA CLARIFICADA GHEE NATRI 180GR,10990,180,g
315,ESPARCIBLE VEGETAL DON OLIO 500 G,6790,500,g
316,BARRA ESPARCIBLE DON OLIO 125 G,1290,125,g
317,ESPARCIBLE DE CANOLA DON OLIO 250 G,4190,250,g
318,ACEITE OLIVA EXTRAVIR CASTELL D F 1000ML,25990,1000,mL
319,ACEITE OLIVA EXTRAVIRGEN CASTELL DEL FERRO 500 ML,13490,500,mL
320,ACEITE DE COCO VIRGEN NATRI 210 ML,9990,210,mL
321,PANELA PULVERIZADA EL REFUGIO 500 G,3190,500,g
322,ARROZ DIANA 1000 G,3990,1000,g
323,ARROZ INTEGRAL DIANA 1.000 G,4190,1000,g
324,AZÚCAR BLANCA 1000 GRS,4890,1000,g
325,ENDULZANTE CON STEVIA NATRI 180 G,5450,180,g
326,FRÍJOL CARGAMANTO BLANCO EL ESTÍO 500 GR,7990,500,g
327,ENDULZANTE FRASCO DULCRALIGHT 180 GRS,4990,180,g
328,FRÍJOL BOLÓN ROJO EL ESTÍO 500 G,7990,500,g
329,AZÚCAR MORENA 1000 GRS,4950,1000,g
330,FRÍJOL CARGAMANTO ROJO EL ESTÍO 500 GRS,7990,500,g
331,FRÍJOL CARAOTA GRANIPACK 500 G,3690,500,g
332,ARVEJA EL ESTIO 500 GRS,2190,500,g
333,LENTEJA EL ESTÍO 500 GRS,3890,500,g
334,MAÍZ PIRA EL ESTÍO 500 GRS,2790,500,g
335,GARBANZO EL ESTÍO 500 GRS,3790,500,g
336,ARROZ EL ESTÍO 500 GRS,1890,500,g
337,ARROZ ECONÓMICO EL ESTÍO 454 G,1690,454,g
338,ARROZ PREMIUM EL ESTIO 2500 G,11390,2500,g
339,ARROZ PREMIUM EL ESTÍO 1000 GRS,4790,1000,g
340,PANELA CUADRADA 1000 G,4690,1000,g
341,CALDO DE COSTILLA MAGGI 10 UND 80 G,4290,100,g
342,CALDO DE GALLINA MAGGI 10 UND 88 G,4290,110,g
343,CALDO DE GALLINA SPECIARIA 8 UND - 84 G,1790,84,g
344,CREMA DE CHÓCLO VELSUP 70 G,1390,70,g
345,CREMA DE POLLO CON CHAMPIÑONES VELSUP 70 G,1980,70,g
346,SOPA DE GALLINA CON FIDEOS VELSUP 65 G,1090,65,g
347,CALDO DE COSTILLA SPECIARIA 84 G 8 CUBOS,1790,84,g
348,BASE PARA SALSA BOLOÑESA RICO 50 G,2090,50,g
349,SOPA AJIACO RICO 45 GR,1290,45,g
350,SOPA CREMA DE POLLO RICO 45 GR,1490,45,g
351,BASE PARA SALSA BECHAMEL/GULASH RICO 45 G,2090,45,g
352,SAL REFISAL 1000 G,1790,1000,g
353,MEZCLA CONDIMENTOS SAZONAREY 35 G,1090,35,g
354,PASTA DE PIMENTÓN DELIKA 110 G,1790,110,g
355,MEZCLA PARA ADOBAR DELIKA 110 G,1790,110,g
356,PASTA DE AJO DELIKA 110 G,1790,110,g
357,BICARBONATO DE SODIO SPECIARIA 200 GR,2290,200,g
358,CANELA MOLIDA PURA SPECIARIA 28 G,2600,28,g
359,TOMILLO SPECIARIA 20 G,1900,20,g
360,ALBAHACA SPECIARIA 20 G,1750,20,g
361,COLORANTE NATURAL CURCUMA SPECIARIA 28 G,1990,28,g
362,COMINO SPECIARIA 28 G,2200,28,g
363,LAUREL SPECIARIA 20 G,1750,20,g
364,OREGANO SPECIARIA 20 G,1990,20,g
365,PIMIENTA MOLIDA SPECIARIA 28 G,1990,28,g
366,AJO GRANULADO SPECIARIA 28 G,1990,28,g
367,CANELA EN ASTILLAS SPECIARIA 20 GR,2190,20,g
368,COCO RALLADO SPECIARIA 100 GR,3690,100,g
369,MORINGA EN HOJAS P&I 8 G,1590,8,g
370,PAPRIKA SPECIARIA 28 G,1590,28,g
371,JENGIBRE EN POLVO SPECIARIA 28 G,1790,28,g
372,CURRY EN POLVO SPECIARIA 28 G,1490,28,g
373,CLAVO ENTERO SPECIARIA 20 G,2890,20,g
374,HARINA DE TRIGO CON POLVO PARA HORNEAR,2190,500,g
375,GRANO ENTERO DE QUINUA,5290,300,g
376,PREMEZCLA PARA PANCAKES QUICKSY 300 G,2890,300,g
377,HARINA DE TRIGO QUICKSY 500 G,1890,500,g
378,PREMEZCLA DE GALLETAS CON CHIPS DE CHOCOLATE QUICKSY 350 G,4490,350,g
379,HARINA DE MAIZ BLANCO QUICKSY 1000 G,3490,1000,g
380,HARINA DE MAIZ AMARILLO QUICKSY 1000 G,3490,1000,g
381,CHOCO KRISPIS KELLOGG¿S 200 G,5800,200,g
382,ZUCARITAS KELLOGG¿S 200 G,5890,200,g
383,CEREAL FLIPS CHOCOLATE 400 G,11790,400,g
384,FROOT LOOPS KELLOGG°S 160 G,5500,160,g
385,CEREAL ORIGINAL FITNESS 230 G,7990,230,g
386,CEREAL DE AVENA CON CANELA FIT GRAAN 300 G,9450,300,g
387,BARRAS DE CEREAL FIT GRAAN 138 G,4290,138,g
388,CEREAL DE MAIZ Y QUINUA FIT GRAAN 300 G,4990,300,g
389,HOJUELA DE MAIZ NATURAL FIT GRAAN 300 GR,4790,300,g
390,HOJUELAS AZUCARADAS FIOCCO 300 G,4490,300,g
391,ARROZ ACHOCOLATADO FIOCCO 320 G,4990,320,g
392,AROS FRUTALES FIOCCO 230 G,4490,230,g
393,AVENA EN HOJUELAS FIT GRAAN 250 G,1650,250,g
394,GRANOLA FRUTOS ROJOS FIT GRAAN 350 G,4490,350,g
395,GRANOLA COCO Y PASAS FIT GRAAN 350 G,4490,350,g
396,TAMAL TOLIMENSE 2 UND 400 G,7750,400,g
397,PIZZA DE JAMÓN Y QUESO / HAWAIANA BACKEREI 130 G,3790,130,g
398,QUINUA PREPARADA CUCINA & AMORE 225 G,7990,225,g
399,SALSA MAYOMOSTAZA CON ESPECIAS SHOWY 200 GR,3890,200,g
400,VINAGRETA RANCH ZEV X 240 GR,3890,240,g
401,VINAGRETA ITALIANA ZEV 240 G,3890,240,g
402,MAYONESA FRUCO 480 G,7750,480,g
403,SALSA TÁRTARA ZEV 200GR,2190,200,g
404,ESENCIA DE VAINILLA SPECIARIA 155ML,2190,155,mL
405,SALSA DE TOMATE FRUCO 650G,7890,650,g
406,SALSA DE AJÍ PICANTE MASH 175 GR,1890,175,g
407,PASTA DE TOMATE ZEV 200 G,2190,200,g
408,MOSTAZA ZEV 200 G,1690,200,g
409,MAYONESA BAJA EN GRASA ZEV 500 G,2990,500,g
410,MAYONESA CON MOSTAZA ZEV 200 GRS,2390,200,g
411,SALSA BBQ MASH 550 G,5090,550,g
412,VINAGRETA LIGHT ZEV 265 G,3950,265,g
413,AJÍ PICANTE MASH 250 G,2990,250,g
414,MIEL DE ABEJAS MEEL 350 G,8190,350,g
415,SALSA ROSADA ZEV 200 G,1450,200,g
416,MERMELADA DE MORA ZEV 200 G,2150,200,g
417,SYRUP QUICKSY 355 ML,5490,355,mL
418,SALSA DE PIÑA ZEV X 200 GR,1950,200,g
419,SALSA MEXICANA CRACHOS 220 G,5990,220,g
420,CREMA DE ALMENDRAS SIN AZUCAR NATRI 160G,12990,160,g
421,SALSA TERIYAKI ZEV 190 GR,2090,190,g
422,VINAGRE DE SIDRA DE MANZANA NATRI 250ML,3990,250,mL
423,VINAGRE BLANCO ZEV 1000 ML,2850,1000,mL
424,SALSA DE QUESO CRACHOS 200 G,3290,200,g
425,GUACAMOLE CRACHOS 200 G,3290,200,g
426,VINAGRE BLANCO ZEV 500 ML,1790,500,mL
427,SALSA PARA CARNES ZEV 195 G,1790,195,g
428,SALSA DE SOYA ZEV 190 G,1390,190,g
429,SALSA NEGRA ZEV 190 G,1750,190,g
430,SALSA DE TOMATE ZEV 500 G,2990,500,g
431,SALSA NAPOLITANA DELIZIARE 400 G,5990,400,g
432,SALSA BOLOÑESA DELIZIARE 400 G,6990,400,g
433,MERMELADA SIN AZUCAR NATRI 220GR,5790,220,g
434,MERMELADA SURTIDA TRADICIÓN 1915 300GR,5590,300,g
435,PASTELITOS RECREO MIX BIMBO 5 UND 149 G,3550,149,g
436,ACHIRAS DEL HUILA 120 G,5190,120,g
437,ROSCON RESOBADO BOCADILLO JOSMAR 150 G,3990,150,g
438,GANSITO RAMO 6 UNIDADES 222 G,7990,222,g
439,PINGÜINOS MARINELA 4 UND - 160 G,5550,160,g
440,BROWNIE CON AREQUIPE HORNEADITOS 80 GRS,1750,80,g
441,PAN DE YUCA HORNEADITOS 10 UND 90 G,3990,90,g
442,WAFFLE SABOR NATURAL BACKEREI 216 G,5990,216,g
443,LENGUAS DULCES HORNEADITOS 100 G,2190,100,g
444,PALITROQUES HORNEADITOS 100 G,2350,100,g
445,TOSTADA MANTEQUILLA HORNEADITOS 100 G,2390,100,g
446,PAN INTEGRAL MIEL Y PASAS HORNEADITOS 340 G,3190,340,g
447,GALLETA CUCA HORNEADITOS 12 UND - 340 G,3450,340,g
448,COCADAS TRADICIÓN 1915 150 GRS,4550,150,g
449,QUESUDITOS HORNEADITOS 250 G,4950,250,g
450,BRAZO DE REINA HORNEADITOS 85 G,1450,85,g
451,CHOCO TAJADA HORNEADITOS 70 G,1350,70,g
452,PAN ÁRABE BACKEREI 5 UND 300 G,3750,300,g
453,PAN HAMBURGUESA HORNEADITOS 4 UND 320 G,2490,320,g
454,PALO DE QUESO MOZZARELLA BACKEREI 480 GRS,6290,480,g
455,PONQUÉ TRADICIONAL HORNEADITOS 250 G,2990,250,g
456,PAN CAIMÁN HORNEADITOS 500 G,3950,500,g
457,PASTEL DE GUAYABA HORNEADITOS 20 UND - 190 G,3690,190,g
458,TOSTADAS FINAS HIERBAS HORNEADITOS 90 G,2190,90,g
459,TOSTADAS CON AJO HORNEADITOS 90 G,2190,90,g
460,PAN TAJADO ARTESANAL INTEGRAL HORNEADITOS 500 G,5890,500,g
461,PAN PERRO CON AJONJOLÍ HORNEADITOS 6 UND 370 G,3490,370,g
462,PAN LECHE HORNEADITOS 10 UND 440 GRS,3290,440,g
463,TORTA NEGRA HORNEADITOS 80 GRS,1650,80,g
464,TOSTADA SURTIDA HORNEADITOS 100 G,2850,100,g
465,MOGOLLA BLANCA HORNEADITOS 10 UND - 400 G,3090,400,g
466,MOGOLLA INTEGR HORNEADITOS 10 UND - 400 G,3190,400,g
467,CORAZONES HORNEADITOS 20 UND - 210 G,3690,210,g
468,PAN ARTESANAL HORNEADITOS 500 G,4790,500,g
469,TOSTADA NATRI MULTICEREAL70 GRS / MAÍZ 90 GRS,3490,70,g
470,PAN TAJADO BLANCO HORNEADITOS 450 GRS,2990,450,g
471,TOSTADA CLÁSICA HORNEADITOS 10 UND 150 G,1650,150,g
472,TOSTADA INTEGRAL HORNEADITOS 10 UND 150G,1750,150,g
473,PAN MULTIGRANOS NATRI 0 AZUCAR 450 G,4390,450,g
474,COCADA TRADICIONAL NORMANDY 240 G,6490,240,g
475,TIRUDITO SUPERCOCO (8g) 15U,3190,120,g
476,GALLETA WAFER COCOSETTE 50 G,1390,50,g
477,BOM BOM BUM FRESA PQ 6,2450,114,g
478,CHOCOLATE KITKAT CHUNKY 40 GRS,2250,40,g
479,TRIDENT MENTA SIN AZUCAR 5S,1150,8,g
480,CREMA DE AVELLANAS NUZART 350 G,7990,350,g
481,CREMA DE AVELLANAS DUO NUZART 350 G,6990,350,g
482,CHOCOLATINA KEO 12 UND 144 G,4490,144,g
483,LAMINAS DE CHOCOLATE BISCOLATA CHOCOCHIPS 115 G,7990,115,g
484,BARQUILLOS RELLENOS DE CREMA NUZART 150 G,6490,150,g
485,BARRA DE CHOCOLATE CON MANÍ JUMBO 40 G,2490,40,g
486,GALLETA WAFER RECUBIERTA DE CHOCOLATE JET WAFER 22 G,890,22,g
487,BARRA DE CHOCOLATE PREMIUM CHALET DU CHOCOLAT 50 G,2990,50,g
488,TRUFAS DE BROWNIE TRUFUS 80 G,2490,80,g
489,NANOS PARTICULAS DE DULCES ÁCIDOS OKA LOKA 40 G,1190,40,g
490,POLVO ÁCIDO Y CHUPETA MASTICABLE OKA LOKA 14 G,890,14,g
491,BARRA DE CHOCOLATE CON CARAMELO Y MANI WAPPS,1990,58,g
492,MORITAS DE GOMA BEBETO 150 G,3590,150,g
493,HELADOS DE GOMA BEBETO 150 G,3590,150,g
494,BARRA DE CHOCOLATE BISCOLATA DUOMAX,2250,44,g
495,CONO DE CHOCOLATE OZMO CORNET 25 G,1590,25,g
496,GALLETA MINI BURGER OZMO 40 GRS,2290,40,g
497,CHOCO COOKIE BISCOLATA BREAK 20 GRS,790,20,g
498,MASMELOS BLANCOS MELI MELLOWS 120 GR,2390,120,g
499,OBLEAS TRADICION 1915 4 OBLEAS  140G,6990,140,g
500,ROLLITO DE GUAYABA CON CENTRO DE AREQUIPE DULCE NATURALEZA 280 G,5450,280,g
501,BOCADILLO VELEÑO DULCE NATURALEZA 470 G,4690,470,g
502,LONJA DE GUAYABA DULCE NATURALEZA 300 G,1950,300,g
503,CHOCOLATES RELLENOS DE MANÍ M&MS 49 G,3090,49,g
504,WAFER CUBIERTA DE CHOCOLATE BISCOLATA VENI 20 G,1000,20,g
505,GOMA INFANTIL HUBBA BUBBA,4290,56,g
506,GOMAS SURTIDAS TRULULU 150 G,2590,150,g
507,MANTEQUILLA DE MANÍ PET MASH 227 G,5490,227,g
508,GELATINA BLANCA TRADICION 1915 168 G,2990,168,g
509,ALFAJOR PREMIUM CHOCOLATE LECHE O BLANCO,2450,70,g
510,TIC TAC NARANJA 16 G,1990,16,g
511,"MENTAS ALTOIDS 10,5 G",2990,10,g
512,HUEVO SORPRESA KINDER JOY 20 G,4950,20,g
513,GOMA DE MASCAR DOUBLEMINT 5 STK,1150,13,g
514,TABLETA CHOCOLATE HERSHEY°S COOKIES N CREAM,3850,43,g
515,GOMAS FUN MIX GRISSLY 150 GR,2390,150,g
516,GALLETA 2 TACOS DUCALES NOEL 241 GRS,4990,241,g
517,GALLETAS VAINILLA 18UN WAFER NOEL 432 GR,7290,432,g
518,GALLETAS SANDWICH QUESO DUX,5890,216,g
519,GALLETA INTEGRAL CLUB SOCIAL 6 UND,3390,156,g
520,SALTIN INTEGRAL NOEL 3 TACOS 415 GRS,6290,415,g
521,GALLETA HAPPY BLACK  12 PQ 408G,6390,408,g
522,GALLETA SALTIN NOEL 5 TACOS 410 G,5490,410,g
523,GALLETA DE LECHE MUUU COLOMBINA 216 GRS X 18 UND,4150,216,g
524,GALLETA CHIPS DE CHOCOLATE 6 PQ,4950,270,g
525,GALLETA RELLENA BISCOLATA MOOD 115 G,5990,115,g
526,GALLETA MINI WAFER BISCOLATA 117 G,6250,117,g
527,GALLETA SABOR OLIVA Y ORÉGANO GRETA 120 G,4690,120,g
528,GALLETAS SALTÍSIMAS CLUB 6 UND 153 G,2690,153,g
529,GALLETA MIEL HONY BRAN 297 G,5250,297,g
530,GALLETA RELLENA DE FRUTA NATRI 145 G,5650,145,g
531,GALLETA INTEGRAL CON MIEL NATRI 216 G,3690,216,g
532,GALLETA CUBIERTA YOGUR NATRI 180 G,6850,180,g
533,GALLETA HAPPY CREAM VAINILLA 12 PQ 408G,5150,408,g
534,GALLETA INTEGRAL CON AVENA Y BASE SABOR A YOGUR CROKAN 168 G,4550,168,g
535,GALLETA SEMIDULCE SALTISIMAS 3T 315G,4390,315,g
536,GALLETA WAFER VAINILLA SIN AZUCAR BRIDGE  6 PK  162 GRS,7550,168,g
537,GALLETA HOLANDESA NUZART 35G,1690,35,g
538,GALLETAS CARMELLO CLASSIC BERGEN 140 G,3590,140,g
539,GALLETA HAPPY CREAM VAINILLA 6 PQ 204 G,2990,204,g
540,GALLETAS SALADAS SALTISIMAS 6 TACOS 454 G,4850,454,g
541,GALLETAS MANTEQUILLA SALTÍSIMAS 324 G,3890,324,g
542,GALLETAS CROKAN CAJA SURTIDA 200 G,3990,200,g
543,GALLETA SEMIDULCE 5 TACOS 455 GRS,5950,455,g
544,GALLETA HAPPY CREAM LIMON 6 PQ 204 G,2990,204,g
545,GALLETAS SALTÍSIMAS 300 G,3350,300,g
546,GALLETA NEGRITA BLACK OUT 228 G,3490,228,g
547,GALLETA HAPPY CREAM FRESA 6 PQ 204 G,2990,204,g
548,HUEVOS DE CODORNIZ SOL NACIENTE 24 UND,4790,24,Und
549,HUEVO TIPO AA SOL NACIENTE 12 UND,7690,12,Und
550,HUEVO TIPO A SOL NACIENTE 30 UND,16990,30,Und
551,CUBOS PARA ESTOFAR RES LLANO ALTO 500 GR,13890,500,g
552,FILETE DE PERNIL AVICAMPO 500 GR,8990,500,g
553,COSTILLA DE RES LLANO ALTO 500 G,11490,500,g
554,FILETE DE LOMO DE CERDO LLANO ALTO 500 G,13990,500,g
555,ENTREMUSLOS DE POLLO AVICAMPO X 700 G,7890,700,g
556,CHICHARRÓN CARN AMERI LA VICTORIA 100 GR,6490,100,g
557,CRISPETA CARAMELO CHEETOS 72 G,1890,72,g
558,DE TODITO BBQ 250GR,7690,250,g
559,LONJAS DE ALMENDRA NUTHOS 100 GR,7890,100,g
560,MEZCLA NUECES PREMIUM NUTHOS,6890,180,g
561,PATACÓN PISAO PLATAITOS 80 G,3790,80,g
562,TORTILLA BURRITO CRACHOS 8 UND - 580 G,6190,580,g
563,MANÍ SALADO NUTHOS 200 G,3550,200,g
564,MANÍ DULCE NUTHOS 200 G,3250,200,g
565,PASABOCAS SURTIDOS DOCENA KYTHOS 318 G,8490,318,g
566,ARÁNDANOS NUTHOS 150 G,5650,150,g
567,MANÍ CON PASAS NUTHOS 200 G,3590,200,g
568,MONEDITAS DE PLÁTANO PLATAITOS 6 UND - 60 G,7690,360,g
569,CIRUELA PREMIUM SIN SEMILLA SOFRUCO 200 G,5790,200,g
570,PASABOCAS MIXTO BBQ KYTHOS 160 G,3790,160,g
571,PISTACHO NUTHOS 70 G,6150,70,g
572,ALMENDRA NUTHOS 150 G,8290,150,g
573,MAÍZ GIGANTE FRITO SALADO NUTHOS 200 G,7490,200,g
574,TORTILLA INTEGRAL NATRI 8 UND- 250 G,3690,250,g
575,MEZCLA CRUNCHY NUTHOS 180 G,6150,180,g
576,MEZCLA SALADA FRUTOS SECOS NUTHOS 180 G,5390,180,g
577,DORITOS FAMILIAR 175 GRS,5250,175,g
578,UVAS PASAS NUTHOS 200 G,2850,200,g
579,MIXTO MEGA FAMILIAR KYTHOS 350 GR,6990,350,g
580,SEXTA PAPA SABOR POLLO KYTHOS 25 G,4990,150,g
581,MEZCLAS SURTIDAS NUTHOS 5 UND - 45G,6990,225,g
582,LONCHERA SURTIDA FRITOLAY 12 UN 261 GR,8290,261,g
583,LONCHERA SURTIDA AZOMPACK 12 UN,5490,236,g
584,PLATANITOS VERDES KYTHOS 135 GR,3050,135,g
585,PLATANITOS MADUROS KYTHOS 135 GR,3050,135,g
586,MAÍZ PICANTE NUTHOS 150 GR,3990,150,g
587,MANÍ NUTHOS CROCANTE 180 GR,2990,180,g
588,NACHOS CRACHOS 200 G,2890,200,g
589,TORTILLA FAJITA CRACHOS 12 UND - 360 G,4390,360,g
590,PLATANITOS MADUROS KYTHOS 6 UND - 168 G,3950,168,g
591,PASABOCAS MIXTOS SABOR NATURAL KYTHOS 160 G,3790,160,g
592,PAPAS FRITAS SABOR POLLO KYTHOS 115 G,2790,115,g
593,MEZCLA CHOCODIVERTIDA NUTHOS 45 GR,1490,45,g
594,PAPAS CASERAS SABOR NATURAL 115GR,2990,115,g
595,TOPPING SURT PARA ENSALADAS NATRI 120G,4490,120,g
596,TURRONES DE GRANOLA SIN AZÚCAR NATRI 150 GRS,4790,150,g
597,PLATANITOS VERDES KYTHOS 6 UND - 168 G,3950,168,g
598,PAPAS FRITAS SABOR NATURAL KYTHOS 115 G,2790,115,g
599,PAPAS FRITAS SABOR BBQ KYTHOS 115 G,2790,115,g
600,PAPAS FRITAS SABOR LIMON KYTHOS 115 G,2790,115,g
601,MEZCLA DIVERTIDA NUTHOS 200 G,4150,200,g
602,PAPAS FOSFORITOS KYTHOS 200 G,2990,200,g
603,TOSTACOS PICANTES 185GR,4190,185,g
604,FLAN DE LECHE CON CARAMELO LATTI 150 G,3190,150,g
605,POSTRE DE GELATINA CON LECHE KEDELI 180 G,2990,180,g
606,ARROZ CON LECHE TRADICIÓN 1915 120 G,2090,120,g
607,LECHE ASADA TRADICIÓN 1915 120 G,2990,120,g
608,POSTRE TRES LECHES 86 G,2990,86,g
609,REPUESTO RECOGEDOR TIDY HOUSE 1 UND,2590,1,Und
610,ESPONJILLA DE BRILLO TIDY HOUSE 6 UND,990,6,Und
611,ESPONJA MALLA TIDY HOUSE 2 UND,1150,2,Und
612,GUANTES DE SILICONA TIDY HOUSE TALLA M,9490,1,Und
613,ESPONJA MULTIUSOS TIDY HOUSE 3 UND,1990,3,Und
614,PAÑO LIMPIÓN TIDY HOUSE 4 UND,3390,4,Und
615,REPUESTO PARA TRAPERO TIDY HOUSE 1 UND,4990,1,Und
616,REPUESTO PARA ESCOBA TIDY HOUSE 1 UND,2590,1,Und
617,ESPIRAL ABRASIVA PLATEADA TIDY HOUSE 1UND,990,1,Und
618,PAÑO ABSORBENTE TIDY HOUSE 1 UND,1150,1,Und
619,GUANTE DOMÉSTICO TIDY HOUSE TALLA M,2290,1,Und
620,GUANTE SEMI INDUSTRIAL NEGRO TIDY HOUSE TALLA M,2990,1,Und
621,SERVILLETA DE LUJO RENDY 50 UND,3490,50,Und
622,SERVILLETA CORTADA RENDY 200 UND,1950,200,Und
623,SERVILLETA DOBLADA RENDY 200 UND,3950,200,Und
624,PLATO DESECHABLE TIDY HOUSE 12 UND,2950,12,Und
625,BOLSA RESELLABLE TAMAÑOS SURTIDOS TIDY HOUSE 20 UND,4490,20,Und
626,TOALLA DE COCINA DOBLE HOJA RENDY 50 HOJAS,1590,1,Und
627,TOALLA COCINA TRIPLE HOJA RENDY 45 HOJAS,1950,1,Und
628,BOLSA DE BASURA NEGRA TIPO HOGAR TIDY HOUSE 10 UND,1890,10,Und
629,BOLSA VERDE TIDY HOUSE 10 UND,2190,10,Und
630,BOLSA DE BASURA BLANCA TIPO HOGAR TIDY HOUSE 10 UND,2190,10,Und
631,BOLSA BLANCA PAPELERA TIDY HOUSE 30 UND,2190,30,Und
632,AMBIENTADOR EN AEROSOL MANZANA CANELA HOSH 360 ML,5590,360,mL
633,AMBIENTADOR EN AEROSOL LAVANDA HOSH 360 ML,5590,360,mL
634,DIFUSOR DE OLORES HOSH 40 ML,6390,40,mL
635,AMBIENTADOR DE LENCERIA HOSH 150 ML,4290,150,mL
636,AMBIENTADOR EN LATA HOSH 1 UND,4990,1,Und
637,DETERGENTE EN POLVO PREMUIM BONAROPA 3000 G,17550,3000,g
638,JABÓN EN BARRA COCO BONAROPA 200 G,1950,200,g
639,JABÓN EN BARRA BRILLA KING 3 UND 900 G,5350,900,g
640,DETERGENTE LÍQUIDO PARA ROPA DELICADA BONAROPA 1000 ML,4990,1000,mL
641,DETERGENTE LÍQUIDO PARA PRENDAS OSCURAS BONAROPA 1000 ML,6450,1000,mL
642,DETERGENTE LÍQUIDO BABY BONAROPA 1000 ML,7490,1000,mL
643,SUAVIZANTE FLORAL BONAROPA 3 L,9490,3000,mL
644,QUITAMANCHAS LÍQUIDO BONAROPA 1000 ML,3590,1000,mL
645,ROPA COLOR BONAROPA 1000 ML,2650,1000,mL
646,DETERGENTE EN POLVO MULTIUSOS BONAROPA 2800 G,10190,2800,g
647,SUAVIZANTE AROMA FLORAL BONAROPA 1000 ML,3550,1000,mL
648,SUAVIZANTE AROMA MANZANA BONAROPA 1000 ML,3550,1000,mL
649,QUITAMANCHAS ROPA BLANCA BONAROPA 1000 ML,3890,1000,mL
650,PRE LAVADO BONAROPA 500 ML,4350,500,mL
651,PRE PLANCHADO BONAROPA 500 ML,4090,500,mL
652,JABÓN DE BARRA LÍQUIDO BRILLA KING 1000 ML,4490,1000,mL
653,DETERGENTE LÍQUIDO BONAROPA 3000 ML,12990,3000,mL
654,DETERGENTE EN POLVO ULTRA RENDIDOR BONAROPA 1000 G,4990,1000,g
655,POLVO ABRASIVO BRILLA KING 500 GRS,2150,500,g
656,LIMPIAVIDRIOS BRILLAKING 500 ML,2250,500,mL
657,VARSOL BRILLA KING 800 ML,6590,800,mL
658,LIMPIAPISOS MADERA Y LAMINADOS BRILLA KING 500 ML,4590,500,mL
659,CERA AUTOBRILLANTE BRILLA KING 1000 ML,8490,1000,mL
660,VARSOL EMULSIONADO BRILLA KING 800 ML,5990,800,mL
661,DESINFECTANTE DE AIRE Y SUPERFICIES AEROSOL 250 ML,5950,250,mL
662,TOALLAS DESINFECTANTES BRILLA KING 10 UND,1290,10,Und
663,LIMPIADOR EN GEL BRILLA KING 1L,7490,1000,mL
664,DESINFECTANTE MULTIUSO BRILLA KING 60 ML,2090,60,mL
665,DESINFECTANTE MULTIUSOS BRILLA KING 500ML,3990,500,mL
666,LAVALOZA LÍQUIDO BRILLA KING 750ML,4990,750,mL
667,LIMPIADOR DE TEXTILES BRILLA KING 1 LT,4190,500,mL
668,CREMA LAVALOZA BRILLA KING 500 GRS,2790,500,g
669,DESENGRASANTE BRILLA KING 500 ML,2350,500,mL
670,DESINFECTANTE DE BAÑO BRILLA KING 500 ML,3190,500,mL
671,LIMPIADOR BICARBONATO BRILLA KING 1000 ML,2590,1000,mL
672,LIMPIADOR DE JUNTAS BRILLA KING 500 ML,2990,500,mL
673,LIMPIADOR MULTIUSOS CITRONELLA BRILLA KING 1000 ML,2890,1000,mL
674,LIMPIADOR MANZANA CANELA BRILLA KING 1000 ML,2390,1000,mL
675,BLANQUEADOR BRILLA KING 2000 ML,2990,2000,mL
676,LIMPIADOR LAVANDA JAZMÍN BRILLA KING 1L,2390,1000,mL
677,LAVALOZA LÍQUIDO BRILLA KING 500 ML,2550,500,mL
678,TOALLA DESINFECTANTE BRILLA KING 50 UND,4990,50,Und
679,BATERIA ALCALINA AAA FUTURA 2 UND,2100,2,Und
680,BOMBILLO LED 7W EXÓTICA 1 UND,3790,1,Und
681,BATERIA ALCALINA AA FUTURA 2 UND,2100,2,Und
682,INSECTICIDA 2 EN 1 DONE 250 ML,6990,250,mL
683,VELADORA N5 - 1 UND,2890,1,Und
684,BETÚN LÍQUIDO PROTEKTOR 60 ML,3990,60,mL
685,BETÚN EN PASTA PROTEKTOR 30 G,2990,30,g
686,AFEITADORA RECARGABLE MANGO + 2 REPUETOS GILLETTE,10490,1,Und
687,REPUESTOS PARA AFEITADORA GILLETTE 4 UND,10490,4,Und
688,MÁQUINA PARA AFEITAR 3 HOJAS HOMBRE XEN 2 UND,2990,2,Und
689,ESPUMA PARA AFEITAR XEN 300 ML,6690,300,mL
690,MÁQUINA PARA AFEITAR 3 HOJAS MUJER XEN 2 UND,2990,2,Und
691,KOLA GRANULADA TARRITO ROJO 210 G,9190,210,g
692,ALKA-SELTZER TABLETA EFERVESCENTE 6 UND,5100,6,Und
693,APRONAX TABLETA 8 UND - 275 MG,8590,8,Und
694,ASPIRINA ULTRA TABLETA 8 UND - 500 MG,4290,8,Und
695,GAVISCON EN SACHET 6 UND,9890,6,Und
696,VITAMINA C EN TABLETAS MASTICABLE CEBION 8 UND,4100,8,Und
697,SEVEDOL EXTRAFUERTE TABLETA 6 UND,6290,6,Und
698,CONDONES DUREX EXTRASEGURO 3 UNIDADES,5990,3,Und
699,TAPABOCAS TRIPLE CAPA DESECHABLE,350,1,Und
700,ALCOHOL ANTISÉPTICO PURIX 375 ML,2890,375,mL
701,CARETA PROTECTORA AJUSTABLE,3790,1,Und
702,ACETAMINOFEN CAPSULAS  DOLOFEN 10 UND,5750,10,Und
703,PASTILLA GARGANTA STREPSILES 8 UND,8590,8,Und
704,ACTRON MAX® IBUPROFENO CAPSULAS LIQUIDAS X 4 UND,4950,4,Und
705,JARABE PARA LA TOS ADULTOS BUCOXOL 120M.,13990,120,mL
706,REMOVEDOR DE ESMALTE NATURAL FEELING 250ML,5250,250,mL
707,PLUMON DELINEADOR OJOS USK,9990,1,mL
708,POLVO COMPACTO DORÉ USK,14990,7,g
709,POLVO COMPACTO CANELA USK,14990,7,g
710,POLVO COMPACTO ARENA,14990,7,g
711,GEL CEJAS USHIKO 1 UN,10990,3,g
712,PERFILADOR CEJAS MICROFILLING USK,10990,1,mL
713,CORRECTOR OJERAS USK,10990,3,g
714,RUBOR ILUMINADOR USK,12990,7,g
715,LABIAL CRAYON NO TRANSFER ROJOS,12990,1,g
716,LABIAL CRAYON NO TRANSFER - CAJA SURTIDA 2 TONOS ROSA,12990,1,g
717,PESTAÑINA FALSIES MAYBELLINE NEGRA,19990,7,mL
718,BASE LIQUIDA MATIFICANTE USK,14990,20,g
719,CREMA COLORANTE CAPILAR NUTRISSE ALMENDRA 1 UND,9990,1,Und
720,CREMA COLORANTE CAPILAR NUTRISSE CHOCOLATE 1 UND,9990,1,Und
721,CREMA COLORANTE CAPILAR NUTRISSE EBANO 1 UND,9990,1,Und
722,GEL EGO EXTREME ULTRA 240 ML,6050,240,mL
723,SHAMPOO SAVITAL MULTIVITAMINAS 530 ML,11550,530,mL
724,SHAMPOO ANTICASPA XEN 400 ML,7990,400,mL
725,SHAMPOO 2 EN 1 KOLORS 400 ML,6990,400,mL
726,ACONDICIONADOR KOLORS 300 ML,6990,300,mL
727,MASCARILLA CAPILAR REPARADORA KOLORS 250 ML,7990,250,mL
728,SHAMPOO CONTROL CASPA H&S 375 ML,16390,375,mL
729,SHAMPOO HIDRATANTE/REGENERADOR NATURAL FEELING 400 ML,6590,400,mL
730,CREMA COLORANTE CAPILAR 50 CASTAÑO 1UN,9990,1,Und
731,CREMA COLORANTE CAPILAR 71 RUBIO 1UN,9990,1,Und
732,CREMA HUMECTANTE LUBRIDERM 200 ML,10350,200,mL
733,TALCO ANTIBACTERIAL XEN 150 G,4690,150,g
734,BÁLSAMO PARA PIES CANSADOS DELIA 250 ML,10490,250,mL
735,REPELENTE NATURAL FEELING 120 ML,6900,120,mL
736,CREMA DE MANOS ARGAN DELIA 50 ML,1990,50,mL
737,GEL ANTIBACTERIAL NATURAL FEELING 60 ML,1890,60,mL
738,ANTIBACTERIAL Y HUMECTANTE NATURAL FEELING 135 ML,3390,135,mL
739,CREMA EXFOLIANTE CORPORAL NATURAL FEELING 230 G X 1 UND,6990,230,g
740,CREMA CORPORAL NATURAL FEELING 500 ML,7990,500,mL
741,GEL DE BAÑO NATURAL FEELING 750 ML,7490,750,mL
742,GEL ANTIBACTERIAL NATURAL FEELING 300 ML,3590,300,mL
743,CREMA CONTORNO OJOS,9990,15,mL
744,CREMA ANTIARRUGAS ARGAN Q10 DELIA 50 ML,9990,50,mL
745,AGUA MICELAR DELIA 200 ML,4990,200,mL
746,GEL LIMPIADOR FACIAL DELIA 200 ML,5350,200,mL
747,SUERO FACIAL DELIA 30 ML,14990,30,mL
748,CREMA FACIAL  BB DELIA 30 ML SURTIDA,9990,30,mL
749,POMOS DE ALGODÓN NATURAL FEELING 50 UND,3250,50,Und
750,PROTECTOR SPRAY ADULTOS,19990,200,mL
751,PROTECTOR SOLAR DELIA 100 ML,9990,100,mL
752,PROTECTOR SPRAY NIÑOS,19990,200,mL
753,CREMA DENTAL TRIPLE ACCIÓN COLGATE 100 ML,5790,100,cm3
754,CREMA DENTAL ALIENTO FRESCO COLGATE TOTAL 75 ML,7990,75,cm3
755,ENJAGUE BUCAL LISTERINE COOL MINT 360 ML,9990,360,mL
756,ENJUAGUE BUCAL CERO ALCOHOL BUCARINE 500 ML,5990,500,mL
757,CREMA DENTAL PARA NIÑOS BUCARINE 75 CC,4250,75,cm3
758,CREMA DENTAL EN GEL BUCARINE 150 CC,4490,150,cm3
759,CREMA DENTAL TRIPLE ACCIÓN BUCARINE 150 ML,4490,150,cm3
760,CREMA DENTAL JUNIOR BUCARINE 100 ML,5250,100,mL
761,SEDA DENTAL BUCARINE 50 MTS,1990,50,m
762,CEPILLO DE DIENTES ADULTOS SUAVE BUCARINE 1 UND,1550,1,Und
763,CEPILLO DE DIENTES PARA NIÑOS BUCARINE 1 UND,1450,1,Und
764,CEPILLO DE DIENTES ADULTOS MEDIO BUCARINE 1 UND,1550,1,Und
765,DESODORANTE HOMBRE GEL GILLETE 45 G,6150,45,g
766,DESODORANTE MUJER EN SPRAY NATURAL FEELING 150 ML,6990,150,mL
767,DESODORANTE MUJER SPRAY N. FEELING 150ML,6990,150,mL
768,DESODORANTE HOMBRE SPRAY XEN 150ML,6990,150,mL
769,DESODORANTE PARA PIES EN SPRAY XEN 260 ML,7990,260,mL
770,DESODORANTE EN AEROSOL MUJER REXONA CLINICAL 150 ML,10990,150,mL
771,DESODORANTE EN AEROSOL HOMBRE REXONA CLINICAL 150 ML,10990,150,mL
772,DESODORANTE MUJER EN ROLL ON  NATURAL FEELING 75 ML,4490,75,mL
773,DESODORANTE HOMBRE EN ROLL ON  XEN 75 ML,4490,75,mL
774,JABÓN LÍQUIDO FLOR DE LOTO NATURAL FEELING 500 ML,3190,500,mL
775,JABÓN ESPUMOSO ANTIBACTERIAL MILEFIORE 270 ML,5950,270,mL
776,JABÓN DE MANOS LÍQUIDO NATURAL FEELING 500 ML,3190,500,mL
777,TOALLA FEMENINA INVISIBLE NOSOTRAS 24 UND,8590,24,Und
778,TOALLA FEMENINA NORMAL FRESH & FREE 12 UND,2650,12,Und
779,TOALLA DELGADA FRESH & FREE 12 UND,2650,12,Und
780,TOALLA FEMENINA MALLA RED FRESH & FREE 12 UND,2750,12,Und
781,PROTECTORES DIARIOS FRESH & FREE 15 UND,1190,15,Und
782,TOALLA FEMENINA NOCTURNA FRESH & FREE 8 UND,3290,8,Und
783,PROTECTORES FLEXY PANTY FRESH & FREE 60U,5990,60,Und
784,JABÓN ÍNTIMO FRESH & FREE 300 ML,3750,300,mL
785,TAMPONES DIGITALES MEDIO/SUPER FRESH & FREE 10 UND,3590,10,Und
786,PAÑUELO FACIAL RENDY 4 PAQUETES - 10 UND POR PAQUETE,2790,40,Und
787,PAÑUELOS FACIALES EN CAJA RENDY 50 UND,3390,50,Und
788,TOALLAS DESECHABLES PARA MANOS RENDY 80 UND,3750,80,Und
789,AGUA NATURAL CON ALOE OMI 500 ML,3390,500,mL
790,BEBIDA DE AGUA CON COCO OMI 500 ML,2890,500,mL
791,AGUA SABORIZADA MARACUYÁ OMI 600 ML,1190,600,mL
792,AGUA SABORIZADA MARACUYÁ OMI 1700 ML,2290,1700,mL
793,AGUA CON GAS LIMONADA OMI 600 ML,1190,600,mL
794,AGUA CON GAS LIMONADA OMI 1700 ML,2290,1700,mL
795,AGUA SABORIZADA LIMÓN OMI 600 ML,1190,600,mL
796,AGUA SIN GAS OMI 6 UND - 300 ML,3490,1800,mL
797,AGUA SABORIZADA LIMÓN OMI 1700 ML,2290,1700,mL
798,AGUA SIN GAS OMI 1000 ML,950,1000,mL
799,AGUA CON GAS OMI 600 ML,850,600,mL
800,AGUA SIN GAS OMI 5000 ML,3390,5000,mL
801,JUGO DE ARÁNDANOS TREE FRUTS 946 ML,6990,946,mL
802,LIMONADA DE COCO KEDELI EN POLVO 450 GR,4490,450,g
803,LIMONADA DE PANELA 1000 ML,2990,1000,mL
804,ZUMO DE UVA SIN AZÚCAR TREE FRUTS 1000 ML,5850,1000,mL
805,REFRESCO CON NARANJA TREE FRUTS 1700 ML,2290,1700,mL
806,JUGO DE LIMÓN TREE FRUTS 250 ML,2990,250,mL
807,REFRESCO DE MANGO TREE FRUTS 1000 ML,2990,1000,mL
808,REFRESCO DE MORA TREE FRUTS 1000 ML,2990,1000,mL
809,JUGO DE NARANJA FRESCO TREE FRUTS 1000 ML,4490,1000,mL
810,JUGO DE MANDARINA TREE FRUTS 1000 ML,5990,1000,mL
811,NÉCTARES SABORES SURTIDOS TREE FRUTS 6 UND - 200 ML,5650,1200,mL
812,REFRESCOS SURTIDOS FRUTAS 6 UND,4790,1200,mL
813,GASEOSA PONY MALTA MINI 200 ML,1150,200,mL
814,GASEOSA COCA COLA SIN AZÚCAR 1750 ML,4490,1750,mL
815,GASEOSA KOLA ROMÁN 1750 ML,3190,1750,mL
816,GASEOSA COCA COLA 1750 ML,4990,1750,mL
817,BEBIDA HIDRATANTE SABOR MANDARINA DRINK A 600 ML,1490,600,mL
818,GASEOSA COLA NEGRA SWIGEN 1700 ML,2490,1700,mL
819,GASEOSA MANZANA SWIGEN 1700 ML,2490,1700,mL
820,GASEOSA FRESH COLA SWIGEN 1700 ML,2490,1700,mL
821,BEBIDA HIDRATANTE SABOR TROPICAL DRINK A 600 ML,1490,600,mL
822,BEBIDA ENERGIZANTE CONTACT DRINK 250 ML,2290,250,mL
823,GASEOSA TORONJA SWIGEN 1700 ML,2490,1700,mL
824,CERVEZA CON LIMON WEIDMANN RADLER 330 ML,2490,330,mL
825,CERVEZA BAHIA 330 ML,1690,330,cm3
826,CERVEZA BAHIA LAGER 330 CC,1590,330,cm3
827,BEBIDA DE AVENA NATURE HEART 946ML,9990,946,mL
828,BEBIDA DE ALMENDRAS VAINILLA SO DELICIOUS 946 ML,10990,946,mL
829,BEBIDA DE ALMENDRAS SIN AZÚCAR SO DELICIOUS 946 ML,10990,946,mL
830,BEBIDA DE ALMENDRAS EN POLVO NATRI 115 G,4990,115,g
831,BEBIDA DE COCO S/A SO DELICIOUS 946ML,10990,946,mL
832,BEBIDA DE ALMENDRAS ORIGINAL SO DELICIOUS 946 ML,10990,946,mL
833,PROSECCO ITALIANO TORRESELLA 750 ML,34990,750,mL
834,VINO BLANCO PORTUGAL PINTA NEGRA 750 ML,22990,750,mL
835,VINO TINTO CARMENERE RESERVA QUINTA LAS CABRAS 750 ML,21990,750,mL
836,VINO TINTO CABERNET SAUVIGNON QUINTA LAS CABRAS 750 ML,16990,750,mL
837,VINO ROSE QUINTA LAS CABRAS 750 ML,16990,750,mL
838,ESPUMANTE CHARDONNAY BRUT QUINTA LAS CABRAS 750 ML,24990,750,mL
839,VINO TINTO CARMENERE QUINTA LAS CABRAS 750 ML,16990,750,mL
840,VINO TINTO GRAN MALBEC COMPADRE 750 ML,25990,750,mL
841,VINO BLANCO CHARDONNAY LOS RIOS 750 ML,19990,750,mL
842,VINO TINTO BAG IN BOX 3 LITROS PINTA NEGRA,64990,3000,mL
843,VINO TINTO ESPAÑOL CRIANZA FAUSTINO RIVERO 750 ML,19990,750,mL
844,AGUARDIENTE NECTAR SIN AZUCAR CLUB 500 ML,20990,500,mL
845,WHISKY ESCOCÉS GAELIK 700 ML,35990,700,mL
846,RON AÑEJO CARTAVIO BLACK BARREL 750 ML,30990,750,mL
847,TEQUILA NEWTON GOLD 750 ML,41990,750,mL
848,CHOCOLATE 50% MENOS AZUCAR SOL 320 G,7050,320,g
849,TE VERDE PIÑA HINDU 10 UND,3790,10,Und
850,CAFÉ FINA SELECCIÓN NESCAFÉ 85 G,10890,85,g
851,CAFÉ EXCELSO MATIZ 250 G,13900,250,g
852,CHOCOLATE CON SPLENDA CHOCOLYNE 100 G,4590,100,g
853,CAFÉ TOSTADO Y MOLIDO VIEJO MOLINO 500 G,13250,500,g
854,TÉ HELADO LIMÓN EISTEE 380 GRS,4990,380,g
855,TÉ HELADO FRUTOS ROJOS EISTEE 380 GRS,4990,380,g
856,CAFÉ TOSTADO Y MOLIDO SUAVE VIEJO MOLINO 500 G,13250,500,g
857,CREMA PARA CAFÉ EN DOYPACK VIEJO MOLINO 175 G,3290,175,g
858,INFUSIÓN FRUTAL FRUTOS ROJOS KANPUR 10 UND,3550,10,g
859,CHOCOLATE TRADICIONAL DE LA TAZA 500 G,5350,500,g
860,CHOCOLATE CLAVOS Y CANELA DE LA TAZA 500 G,5350,500,g
861,COCOA LIGHT CLAVOS Y CANELA CASA REAL 120 G,3250,120,g
862,CHOCOLATE VAINILLA DE LA TAZA 500 G,5590,500,g
863,CAFÉ TOSTADO Y MOLIDO VIEJO MOLINO 125 G,3990,125,g
864,TÉ EN POLVO DURAZNO - FRUTOS SALVAJES EISTEE 20 G,950,20,g
865,AROMÁTICA DECISIÓN NATURAL JAIBEL 20 BOLSAS,5990,20,Und
866,CAFÉ INSTANTÁNEO VIEJO MOLINO 85 G,7490,85,g
867,CAFÉ INSTANTÁNEO GRANULADO VIEJO MOLINO 85 G,8190,85,g
868,TE LÍQUIDO LIMÓN EISTEE 400 ML,1150,400,mL
869,TÉ LÍQUIDO DURAZNO EISTEE 400 ML,1150,400,mL
870,COCOA CASA REAL 230 G,5150,230,g
871,CAFÉ INSTANTÁNEO DESCAFEINADO VIEJO MOLINO 85 G,8950,85,g
872,AROMÁTICAS KANPUR 20 UND - 15 G,1650,15,g
873,MILO NUTRI FIT 300 G,11490,300,g
874,NESCAFÉ CAPPUCCINO MI TAZA 180 G,8390,180,g
875,GELATINA SIN SABOR KEDELI 4 UND - 30 G,1890,30,g
876,GELATINA SABORES SURTIDOS KEDELI 3UND - 120 G,2790,120,g
877,BEBIDA ACHOCOLATADA SIKOLATA 200 G,3350,200,g
878,GELATINA LIGHT KEDELI 12 G,1290,12,g
879,AVENA INSTANTÁNEA FRESA O VAINILLA FIOCCO 250 G,2190,250,g
880,ALIMENTO LÁCTEO KLIM 1+ 252 GR,8450,252,g
881,FÓRMULA LÁCTEA EN POLVO ENFAMIL HIERRO ETAPA 2 - 375 G,21990,375,g
882,FÓRMULA LÁCTEA EN POLVO ENFAMIL HIERRO ETAPA 1 - 375 G,21990,375,g
883,CEREAL INFANTIL TRIGO MIEL NESTUM 200 G,8290,200,g
884,SNACK FRUTA SURTIDA CHIQUI CHUPS 125 G,1550,125,g
885,PAÑAL TALLA G LITTLE ANGELS 30 UND,20990,30,Und
886,PAÑAL TALLA M LITTLE ANGELS 30 UND,16990,30,Und
887,PAÑAL TALLA P LITTLE ANGELS 30 UND,13190,30,Und
888,PAÑAL TALLA XG LITTLE ANGELS 30 UND,23990,30,Und
889,PAÑAL TALLA XXG LITTLE ANGELS 30 UND,27990,30,Und
890,CREMA DERMOPROTECTORA LITTLE ANGELS 150 G,5990,150,g
891,SHAMPOO PARA BEBE LITTLE ANGELS 360 ML,4990,360,mL
892,TOALLAS HÚMEDAS LITTLE ANGELS 10 UND,1150,10,Und
893,COPITOS LITTLE ANGELS 100 UND,2250,100,Und
894,ALGODÓN LITTLE ANGELS 50 G,1250,50,g
895,TOALLAS HÚMEDAS LITTLE ANGELS 72 UND,4590,72,Und
896,CARNE MOLIDA MIXTA 500 G,8490,500,g
897,CARNE DE RES PARA ASAR RED CUT 500 G,11990,500,g
898,TOCINO CARNUDO 500 G,8990,500,g
899,CARNE MOLIDA DE RES X 500 G,10390,500,g
900,MEDIA GALLINA DOÑA SABROSA 800 G,9590,800,g
901,ALITAS DE POLLO BBQ BRASSET 900 G,12890,900,g
902,PINCHOS DE POLLO APANADO BRASSET 4 UND - 200 G,5750,200,g
903,MUSLOS DE POLLO IMPORTADOS BRASSET 800 G,9750,800,g
904,MEDIO POLLO CAMPESINO BRASSET 1100 G,11990,1100,g
905,PINCHOS CON TOCINETA BRASSET 540G,12490,540,g
906,ENTREMUSLOS DE POLLO BRASSET 700 G,7690,700,g
907,PECHUGAS DE POLLO BRASSET 1100 G,14950,1100,g
908,MUSLOS DE POLLO BRASSET 700 G,8590,700,g
909,FILETES DE PECHUGA BRASSET X 600 G,13990,600,g
910,MENUDENCIA FINA DE POLLO BRASSET 500 G,3290,500,g
911,TRUCHA ARCOIRIS CAPTAIN BAY X 800 GR,22690,800,g
912,CAZUELA DE MARISCOS CAPTAIN BAY 400 G,8990,400,g
913,POSTAS DE BAGRE CAPTAIN BAY 400 G,9490,400,g
914,FILETES DE TILAPIA CAPTAIN BAY 400 G,14850,400,g
915,CAMARÓN PRECOCIDO CAPTAIN BAY 400 G,21190,400,g
916,FILETES DE SALMÓN CAPTAIN BAY 350 G,21290,350,g
917,MIXTURA DE MARISCOS 500 G,10290,500,g
918,MOJARRAS ENTERAS CAPTAIN BAY 1000 G,16690,1000,g
919,MANZANA VERDE IMPORTADA 1000 GR,11190,1000,g
920,PULPAS DE FRUTAS Y VEGETALES NATRI 360G.,5490,360,g
921,UVAS IMPORTADAS RED GLOBE 500 G X 1 UND,8990,500,g
922,MIX DE VERDURAS COOLTIVO 500 G,4990,500,g
923,ARÁNDANOS 125 G,4990,125,g
924,MEZCLA DE VERDURAS WOK COOLTIVO 400 G,5490,400,g
925,FRESA CONGELADA TREE FRUTS 500 G,4990,500,g
926,PULPA DE FRUTA SABORES SURTIDOS TREE FRUTS 3 UND - 480 G,4850,480,g
927,MORA CONGELADA TREE FRUTS 500 G,5690,500,g
928,QUIBBE KING BONO 10 UND,7990,300,g
929,EMPANADA CON CARNE TOASTATAS 12 UND 420 G,7450,420,g
930,NUGGETS DE POLLO PREMIUM BRASSET 300 G,6790,300,g
931,PAPAS A LA FRANCESA TOASTATAS 500 G,4190,500,g
932,CROQUETA DE YUCA TOASTATAS 500 G,3990,500,g
933,AREPA DE HUEVO MINI TOASTATAS 6 UND 240G,7990,240,g
934,POLLO TERIYAKI PRECOCIDO 250 GR DELISTTO,7490,250,g
935,LASAÑA BOLOÑESA BACKEREI 350 G,6690,350,g
936,SANCOCHO ESTÁ SERVIDO 380 G,7990,380,g
937,MILANESA DE POLLO 4 UND BRASSET 360 G,6790,360,g
938,PALETA DE FRUTAS TREEFRUTS 70 G 6 UND,8990,6,Und
939,HELADO DE CHOCOLATE KÜLFI 1 L,12590,650,g
940,HELADO VAINILLA KULFI 1 L,12590,650,g
941,HELADO VAINILLA GALLETA CHOC KÜLFI 1 L,12590,650,g
942,HELADO DE MACADAMIA KÜLFI 1 L,12590,650,g
943,HELADO DE YOGURT CON MORA KÜLFI 1 L,12590,650,g
944,TORTA DE HELADO KÜLFI 450 G,12590,450,g
945,LECHE MALTEADA MILO 4 UND - 720 ML,9790,720,mL
946,ALIMENTO LÁCTEO EN POLVO EL RODEO NUTRI-RINDE 270 G,7590,270,g
947,LECHE FORTILECHE LATTI 900 ML,4190,900,mL
948,LECHE EN POLVO ENTERA LATTI 1000 G,21990,1000,g
949,LECHES SABORIZADAS CHOCOLATE LARGA VIDA EN TETRA PAK LATTI 3 UN 600 ML,4100,600,mL
950,LECHES SABORIZADAS FRESA LARGA VIDA EN TETRA PAK LATTI 3 UN 600 ML,4100,600,mL
951,LECHE ENTERA TETRA PAK LATTI 200ML,1090,200,mL
952,LECHE EN POLVO ENTERA LATTI 350 G,8890,350,g
953,LECHES SABORIZADAS LARGA VIDA EN BOLSA LATTI 6 UND - 1200 ML,6990,1200,mL
954,LECHE DESLACTOSADA DESCREMADA LARGA VIDA EN TETRA PAK LATTI 900 ML,3490,900,mL
955,LECHE DESLACTOSADA LARGA VIDA EN TETRA PAK UHT LATTI 900 ML,3190,900,mL
956,LECHE ENTERA LARGA VIDA EN TETRA PAK UHT LATTI 900 ML,3090,900,mL
957,YOGURT SABOR TRADICIONAL COCO 2000 GR,16590,2000,g
958,YOGURT GRIEGO MORA LATTI 160 GR,3590,160,g
959,YOGURT SABOR TRADICIONAL RON LATTI 2000 GR,16590,2000,g
960,YOGURT GRIEGO NATURAL SIN AZUCAR 330 GR,6990,330,g
961,PARFAIT FRUTOS DEL BOSQUE LATTI 160 GR,4490,160,g
962,BEBIDA LÁCTEA SABOR MORA LATTI 200 ML,950,200,mL
963,BEBIDA LÁCTEA SABOR FRESA LATTI 200 ML,950,200,mL
964,BEBIDA LÁCTEA SABOR MELOCOTÓN LATTI 200 ML,950,200,mL
965,BEBIDA LÁCTEA SABOR FRESA LATTI 1000 ML,3450,1000,mL
966,BEBIDA LÁCTEA SABOR MELOCOTÓN LATTI 1000 ML,3450,1000,mL
967,YOGURT VASO TRADICION LATTI 150GR,1750,150,g
968,YOGURT GRIEGO SABORES SURTIDOS LATTI 160 G,3590,160,g
969,YOGURT MELOCOTON LIGHT VITA LATTI 150GR,1650,150,g
970,YOGURT FRESA LIGHT VITA LATTI 150GR,1650,150,g
971,YOGURT FRESA LIGHT VITA LATTI 1000GR,8450,1000,g
972,YOGURT MELOCOTON LIGHT VITA LATTI 1000GR,8450,1000,g
973,YOGURT MELOCOTÓN EN VASO LATTI 150 G,1350,150,g
974,FIOCCOSO CEREAL AZUCARADO,1950,170,g
975,YOGURT FRESA BOTELLA LATTI 1000 GR,7450,1000,g
976,YOGURT MELOCOTON EN BOTELLA LATTI 1000 G,7450,1000,g
977,FIOCCOSO CEREAL CHOCOLATE,1950,170,g
978,YOGURT FRESA VASO LATTI 150 GR,1350,150,g
979,PARFAIT SABORES SURTIDOS LATTI 160 GR,4490,160,g
980,IMITACIÓN QUESO EN LONCHAS SABOR MOZZARELLA 272 G,6690,272,g
981,IMITACIÓN QUESO EN LONCHAS SABOR AMERICANO 272 G,6690,272,g
982,QUESO PAIPA CAMPOREAL 250 G,13190,250,g
983,QUESO MOZZARELLA BUFALA 100GR,4290,100,g
984,QUESITO ALPINA 185 G,4490,185,g
985,QUESO MUENSTER O GOUDA TAJADO 150 G,7990,150,g
986,QUESO IBÉRICO EN CUÑA TAJADA VIVA ESPAÑA 150 G,13990,150,g
987,SIXPACK CHEESE STICK VITA LATTI 180GR,5990,180,g
988,QUESO TAJADO VITA LATTI 249 GR,9990,249,g
989,QUESO PERA LATTERIA 300 GR,8690,300,g
990,QUESO CAMPESINO EN BLOQUE LATTI 250 G,5290,250,g
991,QUESO PERA LATTERIA 3 UND 114 G,3790,114,g
992,QUESO SABANERO TAJADO LATTI 250 G,9450,250,g
993,SNACK QUESO CON BOCADILLO LATTERIA 60 G,1690,60,g
994,QUESO PARMESANO LATTI 100 G,6990,100,g
995,QUESO SIETE CUEROS 250 G,7990,250,g
996,QUESILLO TAJADO LATTI 400 G,8690,400,g
997,QUESO CREMA LATTI 200 G,3100,200,g
998,QUESILLO BLOQUE LATTI 400 G,8590,400,g
999,CREMA DE LECHE LARGA VIDA LATTI 200 ML,1990,200,mL
1000,QUESO MOZZARELLA TAJADO LATTI 400 GRS,8690,400,g
1001,QUESO MOZZARELLA BLOQUE LATTI 400 G,8590,400,g
1002,MANTEQUILLA CON SAL ALPINA 250 G,11690,250,g
1003,MANTEQUILLA SIN SAL ALPINA 250 G,11690,250,g
1004,BONYURT SURTIDO 3 UND ALPINA 509 GRS,9990,509,g
1005,YOX SURTIDO FRESA Y MELOCOTÓN ALPINA 4 UND - 400 G,8490,400,g
1006,DULCE DE LECHE LATTI 250 GRS,2650,250,g
1007,AREQUIPE SIN AZÚCAR NATRI 250 GR,6390,250,g
1008,AREQUIPE LATTI 250 G,3990,250,g
1009,CREMA VEGETAL BATIDA EN SPRAY KÜLFI 250 G,7990,250,g
1010,AVENA TETRA PAK LATTI 3UN x 200ML,4100,600,mL
1011,AVENA TETRA PAK LATTI 900ML,4950,900,mL
1012,LECHE CONDENSADA EN DOYPACK LATTI 300 G,4390,300,g
1013,KUMIS LATTI 6 UND - 1200 ML,6490,1200,mL
1014,KUMIS ENTERO DULCE BOTELLA LATTI 1000 ML,7190,1000,mL
1015,BEBIDA DE AVENA LARGA VIDA LATTI 200 ML,990,200,mL
1016,FOURPACK BIOFENS MULTISABOR 120MLX4,5690,480,mL
1017,ALIMENTO PARA GATOS MAGIC FRIENDS 1000 G,6290,1000,g
1018,ALIMENTO HÚMEDO PARA GATITOS WHISKAS 85 G,2290,85,g
1019,GALLETAS PARA GATOS MAGIC FRIENDS 75G,2190,75,g
1020,ALIMENTO HÚMEDO PARA GATOS WHISKAS 85 G,2290,85,g
1021,ALMENTO PARA PERROS ADULTOS NUTRECAN 2000 G,10550,2000,g
1022,ALIMENTO PARA CACHORROS MAGIC FRIENDS 1000 G,4990,1000,g
1023,ALIMENTO PREMIUM PARA PERRO MAGIC FRIENDS 2000 G,9990,2000,g
1024,ALIMENTO PARA PERROS MAGIC FRIENDS 2000 G,8790,2000,g
1025,GALLETAS PARA PERROS MAGIC FRIENDS 150 G,2890,150,g
1026,ALIMENTO HÚMEDO PARA CACHORROS PEDIGREE 100 G,2290,100,g
1027,HUESO DE CARNAZA PARA PERROS MAGIC FRIENDS 3 UND,4290,3,Und
1028,ALIMENTO HÚMEDO PARA PERROS PEDIGREE 100 G,2290,100,g
1029,ALIMENTO PARA PERROS MAGIC FRIENDS 8000 G,29990,8000,g
1030,BOLSAS PARA DESECHOS DE MASCOTAS MAGIC FRIENDS 60 UND,4690,60,Und
1031,PAÑOS HÚMEDOS MAGIC FRIENDS 50 UND,4790,50,Und
1032,ARENA PARA GATOS MAGIC FRIENDS 4500 G,15990,4500,g
1033,BOLSA PLÁSTICA D1 UND,140,1,Und
1034,BOLSA TÉRMICA 3 HORAS 1 UND,3490,1,Und
1035,BOLSA ROJA REUTILIZABLE 40X42 CM D1,1990,1,Und
1036,RIZADOR BABYLISS CURL SECRET X 1 UND,149990,1,Und
1037,TOALLA CON CAPUCHA PARA BEBE LITTLE ANGELS X 1 UND,24990,1,Und
1038,BODY SPLASH 200 ML ANTIBACTERIAL,9990,200,mL
1039,ALBONDIGON VIANDE X 450 GRS,5890,450,g
1040,SALSA TIPO GUACAMOLE CON CILANTRO 200GR,2490,200,g
1041,AGUARDIENTE ANTIOQUEÑO SIN AZUCAR 750 ML,38790,750,mL
1042,DEDITO DE QUESO BACKEREI 10 UND - 250 G,5590,250,g
1043,CABO DE MADERA TIDY HOUSE 1 UND,2250,1,Und
1044,PASTA DE CEBOLLA LARGA DELIKA 110 G,1790,110,g
1045,VASITO DE HELADO KÜLFI 65 G,2490,65,g
1046,PIÑA EN TROZOS AINOA 520 G,5990,312,g
1047,TORTA MARÍA LUISA/CHOCOLATE CON AREQUIPE 500 G,11690,500,g
1048,GALLETAS MINI CHIPS 8 PQ 280G,7790,280,g
1049,GASEOSA PONY MALTA 2000ML,4650,2,L
1050,CREMA CHOCOLATE NUCITA 8UN,4390,89,g
1051,ABORRAJADO TARDES CALEÑAS 10 UND,8990,10,Und
1052,PECHUGA DE POLLO FIESTA X 1.300 G,15990,1300,g
1053,ALAS SIN COSTILLAR POLLO FIESTA X 800 G,8990,800,g
1054,PERNILES DE POLLO FIESTA X 700 G,7790,700,g
1055,PIERNAS DE POLLO FIESTA X 700 G,7990,700,g
1056,LONCHERA ALETRÍA X 1 UND,21990,1,Und
1057,CARTUCHERA LICENCIADA ALETRÍA X 1 UND,6890,1,Und
1058,FRUNAS MECHAS LOCAS SABORES SURTIDOS 33 G,2990,23,g
1059,COLLAR CIVETTA X 1 UD,15990,1,Und
1060,PLAY DOH MINICREACIONES HASBRO X 1 UND,10990,1,Und
1061,POWER RANGERS HASBRO X 1 UND,19990,1,Und
1062,MY LITTLE PONY HASBRO X 1 UND,19990,1,Und
1063,PLAY DOH SLIME HASBRO X 1 UND,4990,1,Und
1064,CAMISA TIPO POLO JACK SUPPLIES X 1 UND,28990,1,Und
1065,PREMEZCLA DE BUÑUELOS QUICKSY 300 G X 1 UND,2690,300,g
1066,MEZCLA DE NATILLA TRADICIONAL QUICKSY 300 G X 1 UND,2690,300,g
1067,MEZCLA DE NATILLA AREQUIPE QUICKSY 300 G X 1 UND,2690,300,g
1068,TORTA DE NAVIDAD SABOR A VINO 400 GR,8990,400,g
1069,SERVILLETAS DECORADAS RENDY X 20 UND,3490,1,Und
1070,INDIVIDUALES 30 X 43 CM X 2 UND,11990,2,Und
1071,EDREDÓN CAMA SENCILLA RED FLAG X 1UD,53990,1,Und
1072,CAMINO DE MESA RED FLAG 35 X 210 CMS X 1 UND,13990,1,Und
1073,FRAGANCIA MASCULINA 100 ML V&R SURTIDA,24990,100,mL
1074,LIMPIADOR Y MASAJEADOR FACIAL,24990,1,Und
1075,BOLSA DE VIAJE PLEGABLE,9990,1,Und
1076,CARTON PARA PINTAR SPACE DOT X 1 UD - DISPONIBLE EN FIGURA DE CASA O COHETE,39990,1,Und
1077,SET DISPLAY MARCO FLOTANTE X 3 UDS,11990,3,Und
1078,ARTE EN CASA LIBRO Y RETABLO X 1 UD,21990,1,Und
1079,ORGANIZADOR BOLSOS RED FLAG X 1 UD,16990,1,Und
1080,CAJA PLEGABLE RED FLAG X 1 UD,34990,1,Und
1081,GANCHO PLEGABLE PANTALÓN RED FLAG 1 UD,10990,1,Und
1082,ORGANIZADOR ROPA INTERIOR 7 COMPARTIMIENTOS RED FLAG 1UD,8990,1,Und
1083,ORGANIZADOR ROPA INTERIOR 8 COMPARTIMIENTOS RED FLAG 1UD,6990,1,Und
1084,SET CAJAS ORGANIZADORAS RED FLAG X 4 UDS,35990,4,Und
1085,BASURERA DE MESA 5 LT. RED FLAG X 1 UD,11990,1,Und
1086,SODA WHITE CROWN 1.7LTS,1890,1700,mL
1087,PREMEZCLA TORTA NARANJA QUICKSY 400 G,3990,400,g
1088,PREMEZCLA TORTA VAINILLA QUICKSY 400 G,3990,400,g
1089,BEBIDA ALMENDRA ORIGINAL NATRI 1000 ML,7990,1000,mL
1090,BEBIDA ALMENDRA SIN AZUCAR NATRI 1000 ML,7990,1000,mL
1091,DETERGENTE LIQUIDO ANTIBACTERIAL 1 L,6390,1,L
1092,BEBIDA ALMENDRA VAINILLA NATRI 1000 ML,7990,1000,mL
1093,TOALLA DE COCINA ACOLCHAMAX 100 HOJAS,5890,100,Und
1094,MEZCLA SENSACIÓN NUTHOS 180 GR,4990,180,g
1095,TOCINETA MEGA PIGGINS 50 GR,1490,50,g
1096,LATA GALLETAS NAVIDAD,11990,230,g
1097,BOLSA GALLETAS NAVIDAD 200G,2990,200,g
1098,VODKA RUSO LADOGA 700 ML,42990,700,mL
1099,DESINFECTANTE FRUTAS Y VERDURAS 500 ML,3790,500,mL
1100,CEPILLO PLANCHA TIDY HOUSE 1 UND,2490,1,Und
1101,ACONDICIONADOR ELVIVE REPARADOR 350 ML,11490,350,mL
1102,SHAMPOO ELVIVE REPARACIÓN TOTAL 350 ML,11490,350,mL
1103,VINO MALBEC LOS RIOS VARIETAL,19990,750,mL
1104,QUESO PARMESANO ALPINA 120 GRS,11590,120,g
1105,QUESO CREMA ALPINA 200 GRS,4850,200,g
